Nom,Prenom,Matricule,Email,Mot de passe,Fonction
Mansouri,Hamza,7357B,hamza.mansouri474@stb.com.tn,TcI9BMUYW$,Admin
Khelifi,Hatem,0670R,hatem.khelifi439@stb.com.tn,ftB8psjsKT,Comptable
Khammassi,Marwen,3087J,marwen.khammassi309@stb.com.tn,RYkin7GOwT,Technicien
Jaziri,Yasmine,5042D,yasmine.jaziri114@stb.com.tn,AabbUssLR!,Admin
Gharbi,Bilel,8774B,bilel.gharbi994@stb.com.tn,iTvwDUa1W@,Analyste
Toumi,Nader,2180N,nader.toumi197@stb.com.tn,40ltxkwW7b,Support IT
Mansouri,Tarek,7146U,tarek.mansouri583@stb.com.tn,CS26d8bXh#,Chef de projet
Mansouri,Hatem,2525C,hatem.mansouri958@stb.com.tn,15dq0kx9Db,Admin
Mrad,Hamza,7447S,hamza.mrad942@stb.com.tn,vTi%6GwZ6e,Admin
Saidi,Nader,8421T,nader.saidi96@stb.com.tn,z3MGCIvrO9,Support IT
Dhaoui,Salma,1194I,salma.dhaoui647@stb.com.tn,heuQuSaZd9,Analyste
Mrad,Sonia,8262M,sonia.mrad106@stb.com.tn,uij99NQODX,Analyste
Haddad,Walid,6481D,walid.haddad2@stb.com.tn,kj4NfrPLfy,Support IT
Mansouri,Youssef,8395U,youssef.mansouri671@stb.com.tn,uknPP5@b4p,Chef de projet
BenYoussef,Nour,9155N,nour.benyoussef54@stb.com.tn,b4$XLkhS@h,Analyste
BenAmor,Sonia,8515L,sonia.benamor291@stb.com.tn,kcbdqMGn2i,Manager
Gharbi,Nour,5854C,nour.gharbi68@stb.com.tn,IOGt8ZZhre,Comptable
Zoghlami,Hatem,2553S,hatem.zoghlami907@stb.com.tn,!nY0ocUZkh,Chef de projet
Hamdi,Karim,1816Z,karim.hamdi798@stb.com.tn,nuCO0E0RAx,Admin
Mansouri,Bilel,6297E,bilel.mansouri555@stb.com.tn,%7x8xnQv07,RH
BenSalah,Marwen,6435F,marwen.bensalah432@stb.com.tn,VdehQrdcFs,Comptable
Gharbi,Sami,1827V,sami.gharbi288@stb.com.tn,XKk29SU@f6,Support IT
Chahed,Yasmine,9480V,yasmine.chahed836@stb.com.tn,a$iIw7%yIP,Assistant
Mansouri,Skander,9708Y,skander.mansouri742@stb.com.tn,J3@N3S!SRV,Analyste
Trabelsi,Mehdi,1582P,mehdi.trabelsi293@stb.com.tn,Y66kbu$Xqt,Analyste
BenAli,Bilel,2715U,bilel.benali701@stb.com.tn,rscQ5xfmCU,Chef de projet
Toumi,Hatem,4463P,hatem.toumi443@stb.com.tn,DMaDQSKUF1,Assistant
Gharbi,Rania,7713S,rania.gharbi511@stb.com.tn,k8GexS8!L$,Comptable
Saidi,Amine,4181Q,amine.saidi187@stb.com.tn,9TxUTk3xFk,Manager
Mrad,Sonia,4020A,sonia.mrad7@stb.com.tn,86WoEbYSTZ,Assistant
Khelifi,Meriem,4974C,meriem.khelifi696@stb.com.tn,jflGCLLPgc,RH
Saidi,Nour,1971H,nour.saidi684@stb.com.tn,7lpaUFxpT6,Chef de projet
BenAmor,Sami,8193E,sami.benamor405@stb.com.tn,bcqLCIW5Az,RH
Hamdi,Sonia,9086Y,sonia.hamdi975@stb.com.tn,TQY1CGnNv9,Support IT
Zoghlami,Meriem,1417Z,meriem.zoghlami758@stb.com.tn,z83x#Ej3RZ,Manager
Chahed,Firas,9136H,firas.chahed544@stb.com.tn,U86Rr1DnGF,Chef de projet
Zoghlami,Mohamed,8171J,mohamed.zoghlami438@stb.com.tn,4@2JH700K9,Analyste
Bouazizi,Salma,9801I,salma.bouazizi793@stb.com.tn,KvmdwlRh1W,Assistant
Saidi,Karim,4892Z,karim.saidi145@stb.com.tn,c@%X26y0cR,Chef de projet
Trabelsi,Houssem,8081M,houssem.trabelsi323@stb.com.tn,KL!I$$rLbo,Développeur
Mrad,Youssef,6505U,youssef.mrad856@stb.com.tn,lm6DWhKLUd,Support IT
Mrad,Bilel,9502M,bilel.mrad539@stb.com.tn,EMZ419uZkA,Admin
BenYoussef,Ines,0789Y,ines.benyoussef825@stb.com.tn,tJQ6S6GVzF,Support IT
Bouazizi,Sami,6388U,sami.bouazizi897@stb.com.tn,ZmnH2qY70v,Technicien
BenAli,Tarek,8745M,tarek.benali997@stb.com.tn,#8y90CE63O,Comptable
BenAli,Nader,6963E,nader.benali387@stb.com.tn,Rsu1vagOQP,Admin
Brahmi,Mehdi,4842Z,mehdi.brahmi739@stb.com.tn,XmJuU0KJwS,Analyste
BenAmor,Aicha,9139N,aicha.benamor107@stb.com.tn,i6jWiHAVA%,Manager
Mrad,Amine,9236P,amine.mrad221@stb.com.tn,%Ly501P%Ca,Analyste
Bouazizi,Youssef,6770P,youssef.bouazizi216@stb.com.tn,uwkkFuot3c,Développeur
Bouazizi,Mohamed,2767N,mohamed.bouazizi265@stb.com.tn,sB7HoZbFzh,Support IT
Haddad,Yasmine,8847G,yasmine.haddad722@stb.com.tn,bU0!MQC7!N,Support IT
Bouazizi,Ali,3302B,ali.bouazizi747@stb.com.tn,HKVpwxEoOk,Développeur
Saidi,Marwen,1515T,marwen.saidi944@stb.com.tn,VQorei#9Pc,Support IT
BenYoussef,Mehdi,9081Y,mehdi.benyoussef254@stb.com.tn,10Z8BCHPFE,Admin
Zoghlami,Walid,5596Y,walid.zoghlami97@stb.com.tn,$FBWGUo#hy,Développeur
Toumi,Mohamed,5846O,mohamed.toumi721@stb.com.tn,zGypgJsvxG,Développeur
Abid,Firas,9034Z,firas.abid459@stb.com.tn,tKNa%nETyy,Admin
Mrad,Tarek,4359Y,tarek.mrad276@stb.com.tn,@MvB#T4MTA,Technicien
Dhaoui,Tarek,0192M,tarek.dhaoui662@stb.com.tn,ayXqvUkfom,Comptable
Toumi,Aymen,8928O,aymen.toumi477@stb.com.tn,aZAaZF6#b#,Admin
BenAli,Amine,5417M,amine.benali403@stb.com.tn,@vnH@hS6jo,Assistant
BenYoussef,Rania,9074Y,rania.benyoussef729@stb.com.tn,iHhGR#qcNi,Chef de projet
Khelifi,Sonia,0134L,sonia.khelifi851@stb.com.tn,3Yebse809e,Admin
Baccar,Mohamed,3070S,mohamed.baccar429@stb.com.tn,fibjHvIo#a,Admin
Hamdi,Omar,0288A,omar.hamdi406@stb.com.tn,5!wr9l!QWY,Développeur
Baccar,Mehdi,2656F,mehdi.baccar975@stb.com.tn,FHsYyZFJ3N,Manager
Ayari,Sami,0243T,sami.ayari775@stb.com.tn,4Q3Z#8rm!2,Admin
Hamdi,Aymen,8951H,aymen.hamdi761@stb.com.tn,3#v8SsiQ@R,Support IT
Bouazizi,Amine,3860M,amine.bouazizi847@stb.com.tn,BbX48aPuHd,Technicien
Saidi,Walid,1746Z,walid.saidi623@stb.com.tn,KTqKwE2kEN,Chef de projet
Bouazizi,Bilel,8647L,bilel.bouazizi149@stb.com.tn,rvQvMjAtF!,Assistant
Chahed,Hamza,4242B,hamza.chahed34@stb.com.tn,43DULsDDJ#,Assistant
Kooli,Houssem,1470V,houssem.kooli542@stb.com.tn,f!WBU2a4aC,Chef de projet
Khelifi,Skander,4236I,skander.khelifi350@stb.com.tn,sY5aeF2Nz#,Assistant
Saidi,Sonia,1971Y,sonia.saidi564@stb.com.tn,%qKS2PXXBY,Admin
Trabelsi,Hatem,4402V,hatem.trabelsi489@stb.com.tn,0AkMyTHIHH,Admin
BenAli,Mohamed,8319H,mohamed.benali333@stb.com.tn,@%KwGu0LAG,Chef de projet
BenAmor,Salma,3389V,salma.benamor625@stb.com.tn,g#Z#DX%kK8,Support IT
Trabelsi,Ines,2599O,ines.trabelsi63@stb.com.tn,H#5SUnP%iO,Admin
Bouazizi,Aicha,4581S,aicha.bouazizi519@stb.com.tn,wGWj25WuZC,Comptable
Baccar,Ines,6824S,ines.baccar130@stb.com.tn,y@JHx71ror,RH
Khammassi,Aymen,8127H,aymen.khammassi22@stb.com.tn,NlTG!2#TDM,Manager
Kooli,Nour,9056W,nour.kooli622@stb.com.tn,WJmVmko9qL,Assistant
Hamdi,Mehdi,4260G,mehdi.hamdi652@stb.com.tn,0bj0ijGNZ0,Manager
BenAmor,Ali,4254W,ali.benamor313@stb.com.tn,JRooQ9rFgP,Développeur
Saidi,Marwen,9767A,marwen.saidi772@stb.com.tn,j$couNTo7b,Développeur
BenSalah,Mohamed,3394S,mohamed.bensalah238@stb.com.tn,cVxOn4I!Fb,Support IT
Khammassi,Sami,3659D,sami.khammassi848@stb.com.tn,!Fa84I3eLI,Comptable
BenAmor,Nader,8143J,nader.benamor422@stb.com.tn,Yil2W@%KEp,Technicien
Zoghlami,Bilel,4466Y,bilel.zoghlami623@stb.com.tn,oaI4rTbqxv,Comptable
BenYoussef,Hiba,8825X,hiba.benyoussef448@stb.com.tn,lyCebcgUQn,Manager
Jaziri,Marwen,1766E,marwen.jaziri349@stb.com.tn,ZhE1pxX44$,Analyste
Gharbi,Bilel,9168S,bilel.gharbi695@stb.com.tn,8B6mBtq4hJ,Analyste
BenSalah,Yasmine,7711O,yasmine.bensalah121@stb.com.tn,Z%dmE2bRNR,Analyste
Bouazizi,Imen,2115V,imen.bouazizi228@stb.com.tn,eUMa0r3ql0,Développeur
Bouazizi,Ahmed,8204X,ahmed.bouazizi605@stb.com.tn,AN69d57$cY,Développeur
Khammassi,Nour,7671A,nour.khammassi324@stb.com.tn,6sj!MWG0mV,Développeur
Abid,Sonia,1106U,sonia.abid54@stb.com.tn,G9jgAkMVnN,RH
Mansouri,Hiba,8954A,hiba.mansouri562@stb.com.tn,tMIhduFG2m,RH
Abid,Hamza,2363R,hamza.abid564@stb.com.tn,KXXCpbUdyN,Chef de projet
Hamdi,Amine,2220Z,amine.hamdi534@stb.com.tn,dRnRF7lZsd,Support IT
Bouazizi,Meriem,6400C,meriem.bouazizi228@stb.com.tn,nSDz$fS07n,Analyste
Brahmi,Mohamed,5639D,mohamed.brahmi933@stb.com.tn,TB6k6DyV%8,RH
Mrad,Hiba,9366B,hiba.mrad743@stb.com.tn,haFNZQ$Het,Assistant
Hamdi,Hatem,8322R,hatem.hamdi783@stb.com.tn,FAIY4Atm5J,RH
Khelifi,Tarek,7258C,tarek.khelifi941@stb.com.tn,CR@!xI9RtM,Admin
Kooli,Nader,6197H,nader.kooli602@stb.com.tn,2PgVOB9J%t,Comptable
Bouazizi,Youssef,2383Z,youssef.bouazizi844@stb.com.tn,9P04ciQZ7n,Chef de projet
Hamdi,Amine,3766E,amine.hamdi790@stb.com.tn,V0ahrc3P#J,Développeur
Khammassi,Aymen,0321V,aymen.khammassi648@stb.com.tn,UgTkl8yAGl,Chef de projet
Abid,Walid,9977E,walid.abid735@stb.com.tn,EWi#1mUHuv,Technicien
Brahmi,Bilel,0368L,bilel.brahmi633@stb.com.tn,Ts$UzCOpBe,Assistant
Dhaoui,Hiba,7310E,hiba.dhaoui133@stb.com.tn,doJFfX1FIJ,Analyste
Saidi,Mohamed,7113K,mohamed.saidi508@stb.com.tn,WuYxlvlxyn,Chef de projet
Khelifi,Mehdi,3496U,mehdi.khelifi577@stb.com.tn,HJ@bljhjgr,Développeur
BenAli,Ahmed,9177F,ahmed.benali827@stb.com.tn,v8riUCNWOk,RH
Trabelsi,Bilel,9629C,bilel.trabelsi516@stb.com.tn,iGbmUK9VQZ,Assistant
Chahed,Youssef,9801V,youssef.chahed401@stb.com.tn,4JFEswAAwX,Comptable
Khelifi,Hatem,5836Q,hatem.khelifi82@stb.com.tn,BKwxILpPv%,Support IT
Jaziri,Karim,1074T,karim.jaziri809@stb.com.tn,QmxHjN!Y!O,Admin
Khammassi,Skander,6463D,skander.khammassi36@stb.com.tn,#gF!KpY4em,RH
Dhaoui,Hatem,8148A,hatem.dhaoui497@stb.com.tn,qE1wFvaq10,Chef de projet
Saidi,Meriem,9496Q,meriem.saidi266@stb.com.tn,#JVDBPll81,Comptable
Ayari,Tarek,0797D,tarek.ayari784@stb.com.tn,sRzr@@WL1P,Technicien
BenAmor,Houssem,4572Z,houssem.benamor292@stb.com.tn,HSMjuiobUH,Support IT
Trabelsi,Aicha,9555E,aicha.trabelsi664@stb.com.tn,AddAPe8bSO,Assistant
Kooli,Ali,9671W,ali.kooli20@stb.com.tn,m5Q$P%ow3o,Développeur
BenAli,Karim,3275Q,karim.benali557@stb.com.tn,4wCf3G50pA,Manager
Baccar,Rania,5456P,rania.baccar135@stb.com.tn,vH8GuI4Mx2,Comptable
Gharbi,Marwen,7699Z,marwen.gharbi310@stb.com.tn,wL7U4hslD1,Analyste
BenAli,Mehdi,9697I,mehdi.benali391@stb.com.tn,eiM13d6PCt,Chef de projet
Khelifi,Omar,1018E,omar.khelifi749@stb.com.tn,%hQZZBpd62,RH
Khelifi,Mohamed,2946Y,mohamed.khelifi526@stb.com.tn,6Dttu8BqDT,Technicien
Gharbi,Omar,7388J,omar.gharbi375@stb.com.tn,IAWT2wuwqq,RH
Hamdi,Aicha,2031P,aicha.hamdi974@stb.com.tn,6fOWvjVmiA,Manager
Brahmi,Karim,6508M,karim.brahmi388@stb.com.tn,ruUIj6Uv$v,Analyste
Khelifi,Meriem,2048X,meriem.khelifi762@stb.com.tn,TbNczHLYHp,Technicien
Mrad,Mohamed,5558A,mohamed.mrad778@stb.com.tn,Lk402d%CBQ,Assistant
BenSalah,Mohamed,6144D,mohamed.bensalah904@stb.com.tn,d!C@X38@Kd,Chef de projet
BenAli,Marwen,2416B,marwen.benali420@stb.com.tn,cZ8$ZjOWC6,Analyste
Saidi,Yasmine,9438Z,yasmine.saidi371@stb.com.tn,YYpbg8I7oA,Chef de projet
Gharbi,Sonia,7777L,sonia.gharbi357@stb.com.tn,#gpjmBj2@@,Comptable
Khammassi,Nour,2387D,nour.khammassi220@stb.com.tn,#!0EGzM#7H,RH
Abid,Ali,0832V,ali.abid814@stb.com.tn,B8YdaXcqZo,Manager
Abid,Aicha,2028G,aicha.abid979@stb.com.tn,v7YqeaY0NF,Analyste
BenYoussef,Sonia,0185W,sonia.benyoussef542@stb.com.tn,3MW0y!5XYQ,Chef de projet
Dhaoui,Rania,0777S,rania.dhaoui789@stb.com.tn,1RxLCwGdiw,Développeur
Hamdi,Ines,1770P,ines.hamdi769@stb.com.tn,Noy12GXYbT,Chef de projet
Mrad,Sami,9802K,sami.mrad179@stb.com.tn,9Gzc%%qyGb,Technicien
Dhaoui,Tarek,8392Q,tarek.dhaoui434@stb.com.tn,!%4x#9$gGg,Admin
Trabelsi,Tarek,5402U,tarek.trabelsi521@stb.com.tn,EnLKEz!Z!z,Admin
BenYoussef,Amine,5697V,amine.benyoussef371@stb.com.tn,YLMQmeYIRL,Analyste
Brahmi,Mehdi,0383F,mehdi.brahmi27@stb.com.tn,Hjc5ExE1%q,RH
Abid,Hatem,3447O,hatem.abid711@stb.com.tn,oZUNwFRDuT,Technicien
Baccar,Sami,9253P,sami.baccar966@stb.com.tn,C0M4#FK1pr,Analyste
BenAli,Nader,3357T,nader.benali545@stb.com.tn,2cMgRM#Irl,Manager
Trabelsi,Yasmine,4093P,yasmine.trabelsi34@stb.com.tn,RmVCa0ppsU,Comptable
Gharbi,Rania,1735D,rania.gharbi764@stb.com.tn,qxaXY@TfbO,Technicien
Ayari,Tarek,3621B,tarek.ayari30@stb.com.tn,Ob3cbx44uw,Technicien
BenAli,Karim,3735O,karim.benali382@stb.com.tn,wd4OHtROgR,Admin
Chahed,Marwen,9784F,marwen.chahed659@stb.com.tn,#KsXmH9LYU,Chef de projet
BenSalah,Mohamed,5176S,mohamed.bensalah825@stb.com.tn,XUIxh6N90y,Support IT
Kooli,Firas,3988T,firas.kooli368@stb.com.tn,ghqMhNwwa1,Comptable
Dhaoui,Youssef,0997F,youssef.dhaoui988@stb.com.tn,dVpD!daY@I,Support IT
Hamdi,Mehdi,9557B,mehdi.hamdi956@stb.com.tn,qDtoGcARyR,Comptable
Kooli,Bilel,6777K,bilel.kooli827@stb.com.tn,gK0!R7LOLB,RH
Kooli,Amine,9293M,amine.kooli787@stb.com.tn,gw7qvKKk1l,Assistant
Gharbi,Karim,5290B,karim.gharbi62@stb.com.tn,i2dAR4xq5l,Chef de projet
BenAli,Firas,3137E,firas.benali316@stb.com.tn,sBuqTwh$KX,Chef de projet
Kooli,Firas,5266O,firas.kooli201@stb.com.tn,r8DgXkjzdl,Technicien
Hamdi,Salma,5088A,salma.hamdi331@stb.com.tn,Wy@bUzDJm9,Développeur
Jaziri,Karim,2605Y,karim.jaziri666@stb.com.tn,5gMX7CLA1e,Manager
Kooli,Yasmine,4601Q,yasmine.kooli915@stb.com.tn,ztKFj!fiNB,Analyste
Mrad,Tarek,9719X,tarek.mrad807@stb.com.tn,sAkegm4gZp,Analyste
Mansouri,Aicha,4624Q,aicha.mansouri677@stb.com.tn,ojtDrqFXXX,Comptable
Toumi,Walid,0823V,walid.toumi121@stb.com.tn,JdTALAkHAT,RH
Gharbi,Bilel,7142V,bilel.gharbi373@stb.com.tn,!w9JccuyD#,Analyste
BenYoussef,Tarek,4493I,tarek.benyoussef349@stb.com.tn,nP0xzNdnZG,Assistant
BenAli,Yasmine,8403Z,yasmine.benali614@stb.com.tn,i6D%#XA$@S,Développeur
Saidi,Omar,4807T,omar.saidi138@stb.com.tn,PVoJrbhXiw,Analyste
Ayari,Marwen,8832M,marwen.ayari37@stb.com.tn,rlWxI5h4P5,Comptable
BenYoussef,Nour,4658Q,nour.benyoussef808@stb.com.tn,ZsKdLCvJs7,Admin
Jaziri,Walid,8661W,walid.jaziri672@stb.com.tn,hfAuyc@Mcd,Chef de projet
Toumi,Mehdi,2311K,mehdi.toumi884@stb.com.tn,TOClehDfqq,Manager
BenAmor,Ali,5958Z,ali.benamor438@stb.com.tn,Sz4Ebg64f9,Technicien
Ayari,Amine,5763H,amine.ayari582@stb.com.tn,c@gwwSxVLP,Manager
Kooli,Marwen,6756A,marwen.kooli64@stb.com.tn,u2PBq2Sn@0,Analyste
Brahmi,Tarek,6102N,tarek.brahmi272@stb.com.tn,sWxnd83mVv,Manager
Gharbi,Hatem,9107K,hatem.gharbi289@stb.com.tn,%fIaBiv!ag,Développeur
Gharbi,Marwen,7341C,marwen.gharbi154@stb.com.tn,I4FQcYrXlZ,Analyste
Khelifi,Skander,9942G,skander.khelifi700@stb.com.tn,dA7YwueKOj,Chef de projet
BenSalah,Sonia,7537T,sonia.bensalah537@stb.com.tn,DG6FzkMH4#,Comptable
Khelifi,Aymen,9689G,aymen.khelifi243@stb.com.tn,%2cdAejQXA,Support IT
Brahmi,Hamza,6891S,hamza.brahmi244@stb.com.tn,mQKv4F05!i,Chef de projet
BenAli,Houssem,4816G,houssem.benali498@stb.com.tn,1dPHIgopY7,Support IT
Brahmi,Meriem,9493M,meriem.brahmi687@stb.com.tn,%HvvCs9er6,Technicien
Baccar,Mehdi,5139H,mehdi.baccar867@stb.com.tn,vUFLXww2bb,Admin
Toumi,Salma,8488U,salma.toumi478@stb.com.tn,nnvyY6j7xy,Assistant
Brahmi,Firas,3223Z,firas.brahmi637@stb.com.tn,$p@H98R%X@,Technicien
